date,log
2025-01-08 20:59:06,Temperature Sensor Reading: 22.5C
2025-01-08 06:14:30,Humidity Sensor Reading: 45%
2025-01-21 13:23:25,Pressure Sensor Reading: 1013hPa
2025-02-18 03:33:28,"GPS Coordinates: Lat 40.7128, Long -74.0060"
2025-01-11 09:22:18,Battery Level: 85%
2025-02-11 15:46:37,CPU Usage: 45%
2025-02-14 04:52:38,Memory Usage: 60%
2025-01-24 05:52:34,Disk Usage: 70%
2025-01-30 00:00:31,Network Latency: 20ms
2025-01-15 07:56:10,Packet Loss: 0.2%
2025-02-19 12:31:13,Fan Speed: 1200 RPM
2025-01-08 12:00:36,Power Consumption: 5.5W
2025-01-27 18:31:48,WiFi Signal Strength: -65dBm
2025-01-28 04:15:39,Bluetooth Connection Status: Connected
2025-01-14 10:17:50,System Uptime: 12h 35m
2025-02-11 02:38:01,Device Boot Time: 2025-02-18 08:00:00
2025-02-08 05:57:51,Firmware Version: 1.2.3
2025-01-01 12:15:22,Software Update Available: No
2025-01-13 14:17:07,Sensor Calibration Required: No
2025-01-25 06:25:13,Last Maintenance Date: 2025-01-15
2025-02-10 16:55:02,Flash Memory Usage: 80%
2025-01-05 08:42:27,RTC Clock Sync Status: Synced
2025-01-21 21:51:07,Motor Speed: 1500 RPM
2025-01-12 22:51:42,Actuator Position: 35%
2025-01-06 12:38:55,Camera Status: Active
2025-01-05 06:23:09,Microphone Status: Muted
2025-01-08 20:18:02,Accelerometer Data: X:0.1 Y:0.2 Z:9.8
2025-02-10 16:23:52,Gyroscope Data: Pitch:0.5 Roll:0.3 Yaw:0.2
2025-01-09 22:28:12,Magnetometer Data: X:15.2 Y:-5.6 Z:32.1
2025-01-10 17:52:00,Proximity Sensor: Object Detected
2025-01-09 10:00:34,Infrared Sensor: No Obstacle Detected
2025-02-10 11:57:32,LIDAR Distance: 1.5m
2025-01-27 09:03:08,Ultrasonic Sensor: 0.9m
2025-02-06 16:48:25,Energy Harvesting Status: Active
2025-01-04 16:28:39,Heat Sink Temperature: 45C
2025-02-15 03:55:24,Error Log: Sensor Timeout
2025-01-21 05:28:51,Warning Log: High Temperature
2025-02-19 08:49:29,Info Log: System Restart
2025-01-12 07:02:00,Debug Log: Configuration Loaded
2025-02-07 14:44:22,Critical Log: Overvoltage Detected
2025-02-10 07:28:07,Bootloader Status: Successful
2025-01-03 03:32:48,Watchdog Timer: No Reset Needed
2025-02-11 01:50:48,Cloud Sync Status: Completed
2025-01-13 06:49:18,Edge Processing Load: 75%
2025-01-07 05:02:23,AI Model Inference Time: 35ms
2025-02-01 15:28:36,Data Transmission Rate: 1.2Mbps
2025-01-12 22:33:41,CAN Bus Status: Active
2025-02-16 01:59:16,I2C Communication: Successful
2025-01-03 12:30:24,SPI Communication: Timeout
2025-02-18 20:46:24,UART Buffer Overflow: No
2025-02-06 17:23:22,SD Card Status: Mounted,
2025-01-09 08:15:19,USB Device Connected: Keyboard,
2025-01-14 14:28:33,Serial Port Opened: COM3,
2025-02-09 09:52:45,GPIO Pin Status: High,
2025-01-15 18:33:51,Analog Input Voltage: 3.3V,
2025-01-17 07:45:59,Digital Output Value: 1,
2025-02-12 16:28:07,PWM Output Duty Cycle: 50%,
2025-01-18 04:59:13,ADC Reading: 512,
2025-01-19 12:33:22,DAC Output Voltage: 2.5V,
2025-02-20 08:15:29,EEPROM Write Status: Successful,
2025-01-21 16:28:33,Flash Memory Read Status: Successful,
2025-02-22 09:52:45,SRAM Data Corruption: No,
2025-01-23 18:33:51,NVRAM Data Integrity: OK,
2025-02-24 07:45:59,FRAM Write Endurance: 100K cycles,
2025-01-25 16:28:07,MRAM Data Retention: 10 years,
2025-02-26 04:59:13,PSRAM Read Latency: 10ns,
2025-01-27 12:33:22,SDRAM Refresh Rate: 64ms,
2025-02-28 08:15:29,DDR Memory Bandwidth: 10GB/s,
2025-01-29 16:28:33,SRAM Power Consumption: 5mW,
2025-03-02 09:52:45,EEPROM Temperature Range: -40°C to 85°C,
2025-01-31 18:33:51,Flash Memory Endurance: 100K cycles,
2025-03-04 07:45:59,MRAM Data Retention: 20 years,
2025-02-01 16:28:07,DRAM Data Integrity: ECC enabled,
2025-03-06 04:59:13,SDRAM Row Buffer Size: 2KB,
2025-02-02 12:33:22,DDR Memory Clock Speed: 400MHz,
2025-03-08 08:15:29,SRAM Read Latency: 10ns,
2025-02-03 16:28:33,EEPROM Write Endurance: 1M cycles,
2025-03-10 09:52:45,Flash Memory Retention: 10 years,
2025-02-04 18:33:51,MRAM Write Endurance: 1M cycles,
